bill_no,po_number,vendor,invoice_date,downloaded_at,source_file
I459182,0039971,S&B Filters,2/9/2026,2/13/2026 10:51,Invoices/invoices_2-13/Invoice_I459182_1770661409233.pdf
I459225,0039987,S&B Filters,2/9/2026,2/13/2026 10:51,Invoices/invoices_2-13/Invoice_I459225_1770668100251.pdf
I459227,0040169,S&B Filters,2/9/2026,2026-02-13 11:05:37,Invoices/invoices_2-13/Invoice_I459227_1770668100229.pdf
I459233,0039771,S&B Filters,2/9/2026,2026-02-13 11:05:37,Invoices/invoices_2-13/Invoice_I459233_1770668111603.pdf
I459234,0039922,S&B Filters,2/9/2026,2026-02-13 11:05:37,Invoices/invoices_2-13/Invoice_I459234_1770668112301.pdf
I459237,0039974,S&B Filters,2/9/2026,2026-02-13 11:05:37,Invoices/invoices_2-13/Invoice_I459237_1770668124928.pdf
I459249,0040126,S&B Filters,2/9/2026,2026-02-13 11:05:37,Invoices/invoices_2-13/Invoice_I459249_1770669032151.pdf
I459255,0040056,S&B Filters,2/9/2026,2026-02-13 11:05:37,Invoices/invoices_2-13/Invoice_I459255_1770669044832.pdf
I459267,0040100,S&B Filters,2/9/2026,2026-02-13 11:05:38,Invoices/invoices_2-13/Invoice_I459267_1770670708596.pdf
I459268,,S&B Filters,2/9/2026,2026-02-13 11:05:38,Invoices/invoices_2-13/Invoice_I459268_1770670708854.pdf
I459272,0040221,S&B Filters,2/9/2026,2026-02-13 11:05:38,Invoices/invoices_2-13/Invoice_I459272_1770670720131.pdf
I459274,0040206,S&B Filters,2/9/2026,2026-02-13 11:05:38,Invoices/invoices_2-13/Invoice_I459274_1770670730338.pdf
I459275,0040211,S&B Filters,2/9/2026,2026-02-13 11:05:38,Invoices/invoices_2-13/Invoice_I459275_1770670748654.pdf
I459287,0040226,S&B Filters,2/9/2026,2026-02-13 11:05:38,Invoices/invoices_2-13/Invoice_I459287_1770673137113.pdf
I459289,0039815,S&B Filters,2/9/2026,2026-02-13 11:05:38,Invoices/invoices_2-13/Invoice_I459289_1770673137707.pdf
I459292,0040277,S&B Filters,2/9/2026,2026-02-13 11:05:38,Invoices/invoices_2-13/Invoice_I459292_1770673148271.pdf
I459295,0039628,Daystar,2/9/2026,2026-02-13 11:05:38,Invoices/invoices_2-13/Invoice_I459295_1770673628786.pdf
I459299,0039833,S&B Filters,2/9/2026,2026-02-13 11:05:38,Invoices/invoices_2-13/Invoice_I459299_1770674105711.pdf
I459307,0039907,S&B Filters,2/9/2026,2026-02-13 11:05:39,Invoices/invoices_2-13/Invoice_I459307_1770674856853.pdf
I459308,0039752,S&B Filters,2/9/2026,2026-02-13 11:05:39,Invoices/invoices_2-13/Invoice_I459308_1770674856916.pdf
I459310,0040249,S&B Filters,2/9/2026,2026-02-13 11:05:39,Invoices/invoices_2-13/Invoice_I459310_1770674857360.pdf
I459324,0040230,S&B Filters,2/9/2026,2026-02-13 11:05:39,Invoices/invoices_2-13/Invoice_I459324_1770677770673.pdf
I459329,0040229,S&B Filters,2/9/2026,2026-02-13 11:05:39,Invoices/invoices_2-13/Invoice_I459329_1770677770871.pdf
I459330,0039997,S&B Filters,2/9/2026,2026-02-13 11:05:39,Invoices/invoices_2-13/Invoice_I459330_1770677771006.pdf
I459331,0039743,S&B Filters,2/9/2026,2026-02-13 11:05:39,Invoices/invoices_2-13/Invoice_I459331_1770677771163.pdf
I459332,0040072,S&B Filters,2/9/2026,2026-02-13 11:05:39,Invoices/invoices_2-13/Invoice_I459332_1770678586414.pdf
I459333,0040067,S&B Filters,2/9/2026,2026-02-13 11:05:39,Invoices/invoices_2-13/Invoice_I459333_1770678587006.pdf
I459338,0040134,S&B Filters,2/9/2026,2026-02-13 11:05:40,Invoices/invoices_2-13/Invoice_I459338_1770680088344.pdf
I459340,0040149,S&B Filters,2/9/2026,2026-02-13 11:05:40,Invoices/invoices_2-13/Invoice_I459340_1770680088635.pdf
I459349,0040095,S&B Filters,2/10/2026,2026-02-13 11:05:40,Invoices/invoices_2-13/Invoice_I459349_1770738425508.pdf
I459363,0040151,S&B Filters,2/10/2026,2026-02-13 11:05:40,Invoices/invoices_2-13/Invoice_I459363_1770740548321.pdf
I459364,0040348,S&B Filters,2/10/2026,2026-02-13 11:05:40,Invoices/invoices_2-13/Invoice_I459364_1770740550700.pdf
I459365,0040102,S&B Filters,2/10/2026,2026-02-13 11:05:40,Invoices/invoices_2-13/Invoice_I459365_1770740557726.pdf
I459366,0040133,S&B Filters,2/10/2026,2026-02-13 11:05:40,Invoices/invoices_2-13/Invoice_I459366_1770740559348.pdf
I459373,0040205,S&B Filters,2/10/2026,2026-02-13 11:05:40,Invoices/invoices_2-13/Invoice_I459373_1770740580500.pdf
I459378,0040159,S&B Filters,2/10/2026,2026-02-13 11:05:40,Invoices/invoices_2-13/Invoice_I459378_1770741020735.pdf
I459381,0040457,S&B Filters,2/10/2026,2026-02-13 11:05:40,Invoices/invoices_2-13/Invoice_I459381_1770741031840.pdf
I459385,0040452,S&B Filters,2/10/2026,2026-02-13 11:05:41,Invoices/invoices_2-13/Invoice_I459385_1770741033893.pdf
I459386,0040143,S&B Filters,2/10/2026,2026-02-13 11:05:41,Invoices/invoices_2-13/Invoice_I459386_1770742801419.pdf
I459387,0040389,S&B Filters,2/10/2026,2026-02-13 11:05:41,Invoices/invoices_2-13/Invoice_I459387_1770742811044.pdf
I459396,0040302,S&B Filters,2/10/2026,2026-02-13 11:05:41,Invoices/invoices_2-13/Invoice_I459396_1770743773074.pdf
I459397,0040265,S&B Filters,2/10/2026,2026-02-13 11:05:41,Invoices/invoices_2-13/Invoice_I459397_1770743773383.pdf
I459421,0040289,S&B Filters,2/10/2026,2026-02-13 11:05:41,Invoices/invoices_2-13/Invoice_I459421_1770746180390.pdf
I459431,0040365,S&B Filters,2/10/2026,2026-02-13 11:05:41,Invoices/invoices_2-13/Invoice_I459431_1770747196318.pdf
I459433,0040371,S&B Filters,2/10/2026,2026-02-13 11:05:41,Invoices/invoices_2-13/Invoice_I459433_1770747198396.pdf
I459441,0040390,S&B Filters,2/10/2026,2026-02-13 11:05:42,Invoices/invoices_2-13/Invoice_I459441_1770747895547.pdf
I459471,0040563,S&B Filters,2/10/2026,2026-02-13 11:05:42,Invoices/invoices_2-13/Invoice_I459471_1770752695151.pdf
I459472,0040591,S&B Filters,2/10/2026,2026-02-13 11:05:42,Invoices/invoices_2-13/Invoice_I459472_1770752694949.pdf
I459493,0040568,S&B Filters,2/10/2026,2026-02-13 11:05:42,Invoices/invoices_2-13/Invoice_I459493_1770756426753.pdf
I459500,0040584,S&B Filters,2/10/2026,2026-02-13 11:05:42,Invoices/invoices_2-13/Invoice_I459500_1770759370581.pdf
I459502,0040524,S&B Filters,2/10/2026,2026-02-13 11:05:42,Invoices/invoices_2-13/Invoice_I459502_1770759370768.pdf
I460088,0041252,S&B Filters,2/13/2026,2026-02-13 11:05:42,Invoices/invoices_2-13/Invoice_I460088_1770999828666.pdf
I460089,0041254,S&B Filters,2/13/2026,2026-02-13 11:05:42,Invoices/invoices_2-13/Invoice_I460089_1770999828567.pdf
I460098,0041224,S&B Filters,2/13/2026,2026-02-13 11:05:42,Invoices/invoices_2-13/Invoice_I460098_1771002249634.pdf
I460109,0041175,S&B Filters,2/13/2026,2026-02-13 11:05:43,Invoices/invoices_2-13/Invoice_I460109_1771002278064.pdf
I460121,0041310,S&B Filters,2/13/2026,2026-02-13 11:05:43,Invoices/invoices_2-13/Invoice_I460121_1771004816823.pdf
I460123,0039714,S&B Filters,2/13/2026,2026-02-13 11:05:43,Invoices/invoices_2-13/Invoice_I460123_1771004817035.pdf
I460126,0041133,S&B Filters,2/13/2026,2026-02-13 11:05:43,Invoices/invoices_2-13/Invoice_I460126_1771004828815.pdf
I460128,0041231,S&B Filters,2/13/2026,2026-02-13 11:05:43,Invoices/invoices_2-13/Invoice_I460128_1771005606699.pdf
I460134,0033957,S&B Filters,2/13/2026,2026-02-13 11:05:43,Invoices/invoices_2-13/Invoice_I460134_1771006685724.pdf
I460135,0041239,S&B Filters,2/13/2026,2026-02-13 11:05:43,Invoices/invoices_2-13/Invoice_I460135_1771006685658.pdf
I460136,0035082,S&B Filters,2/13/2026,2026-02-13 11:05:43,Invoices/invoices_2-13/Invoice_I460136_1771006685989.pdf
I460138,0033740,S&B Filters,2/13/2026,2026-02-13 11:05:44,Invoices/invoices_2-13/Invoice_I460138_1771006696241.pdf
I460145,0033418,S&B Filters,2/13/2026,2026-02-13 11:05:44,Invoices/invoices_2-13/Invoice_I460145_1771007930392.pdf
I460146,0041384,S&B Filters,2/13/2026,2026-02-13 11:05:44,Invoices/invoices_2-13/Invoice_I460146_1771007930878.pdf
I460154,0040343,S&B Filters,2/13/2026,2026-02-13 11:05:44,Invoices/invoices_2-13/Invoice_I460154_1771009218296.pdf
I460165,0041406,S&B Filters,2/13/2026,2026-02-13 11:05:44,Invoices/invoices_2-13/Invoice_I460165_1771009234882.pdf
I459552,0040744,S&B Filters,2/11/2026,2026-02-17 12:15:28,Invoices/invoices_2-17_2/Invoice_I459552_1770826443831.pdf
I459576,0040475,S&B Filters,2/11/2026,2026-02-17 12:15:29,Invoices/invoices_2-17_2/Invoice_I459576_1770830521922.pdf
I459630,0040764,S&B Filters,2/11/2026,2026-02-17 12:15:29,Invoices/invoices_2-17_2/Invoice_I459630_1770833336186.pdf
I459632,0039793,S&B Filters,2/11/2026,2026-02-17 12:15:29,Invoices/invoices_2-17_2/Invoice_I459632_1770833336600.pdf
I459633,0040766,S&B Filters,2/11/2026,2026-02-17 12:15:29,Invoices/invoices_2-17_2/Invoice_I459633_1770833346015.pdf
I459655,0039728,S&B Filters,2/11/2026,2026-02-17 12:15:29,Invoices/invoices_2-17_2/Invoice_I459655_1770835046473.pdf
I459690,0040679,S&B Filters,2/11/2026,2026-02-17 12:15:29,Invoices/invoices_2-17_2/Invoice_I459690_1770837985353.pdf
I459722,0040847,S&B Filters,2/11/2026,2026-02-17 12:15:29,Invoices/invoices_2-17_2/Invoice_I459722_1770840995798.pdf
I459724,0040819,S&B Filters,2/11/2026,2026-02-17 12:15:29,Invoices/invoices_2-17_2/Invoice_I459724_1770841057101.pdf
I459726,0040806,S&B Filters,2/11/2026,2026-02-17 12:15:30,Invoices/invoices_2-17_2/Invoice_I459726_1770841077461.pdf
I459762,0040209,S&B Filters,2/11/2026,2026-02-17 12:15:30,Invoices/invoices_2-17_2/Invoice_I459762_1770843164600.pdf
I459766,0040886,S&B Filters,2/11/2026,2026-02-17 12:15:30,Invoices/invoices_2-17_2/Invoice_I459766_1770844381415.pdf
I459774,0040851,S&B Filters,2/11/2026,2026-02-17 12:15:30,Invoices/invoices_2-17_2/Invoice_I459774_1770844392422.pdf
I459777,0040833,S&B Filters,2/11/2026,2026-02-17 12:15:30,Invoices/invoices_2-17_2/Invoice_I459777_1770844396541.pdf
I459790,0040880,S&B Filters,2/11/2026,2026-02-17 12:15:30,Invoices/invoices_2-17_2/Invoice_I459790_1770844908003.pdf
I459808,0040962,S&B Filters,2/11/2026,2026-02-17 12:15:30,Invoices/invoices_2-17_2/Invoice_I459808_1770846902569.pdf
I459817,0040989,S&B Filters,2/11/2026,2026-02-17 12:15:30,Invoices/invoices_2-17_2/Invoice_I459817_1770849473512.pdf
I459880,0040907,S&B Filters,2/12/2026,2026-02-17 12:15:31,Invoices/invoices_2-17_2/Invoice_I459880_1770913379484.pdf
I459884,0041067,S&B Filters,2/12/2026,2026-02-17 12:15:31,Invoices/invoices_2-17_2/Invoice_I459884_1770913396136.pdf
I459887,0041056,S&B Filters,2/12/2026,2026-02-17 12:15:31,Invoices/invoices_2-17_2/Invoice_I459887_1770913408241.pdf
I459889,0040993,S&B Filters,2/12/2026,2026-02-17 12:15:31,Invoices/invoices_2-17_2/Invoice_I459889_1770914026560.pdf
I459898,0041007,S&B Filters,2/12/2026,2026-02-17 12:15:31,Invoices/invoices_2-17_2/Invoice_I459898_1770918223912.pdf
I459903,0040985,S&B Filters,2/12/2026,2026-02-17 12:15:31,Invoices/invoices_2-17_2/Invoice_I459903_1770919325611.pdf
I459920,0039896,S&B Filters,2/12/2026,2026-02-17 12:15:31,Invoices/invoices_2-17_2/Invoice_I459920_1770922071255.pdf
I459921,0039507,S&B Filters,2/12/2026,2026-02-17 12:15:32,Invoices/invoices_2-17_2/Invoice_I459921_1770922071273.pdf
I459922,0039670,S&B Filters,2/12/2026,2026-02-17 12:15:32,Invoices/invoices_2-17_2/Invoice_I459922_1770922071287.pdf
I459923,0039335,S&B Filters,2/12/2026,2026-02-17 12:15:32,Invoices/invoices_2-17_2/Invoice_I459923_1770922071652.pdf
I459924,0039378,S&B Filters,2/12/2026,2026-02-17 12:15:32,Invoices/invoices_2-17_2/Invoice_I459924_1770922071714.pdf
I459940,0041053,S&B Filters,2/12/2026,2026-02-17 12:15:32,Invoices/invoices_2-17_2/Invoice_I459940_1770923670447.pdf
I459941,0040909,S&B Filters,2/12/2026,2026-02-17 12:15:32,Invoices/invoices_2-17_2/Invoice_I459941_1770923670696.pdf
I459957,0041093,S&B Filters,2/12/2026,2026-02-17 12:15:32,Invoices/invoices_2-17_2/Invoice_I459957_1770924689441.pdf
I459959,0041188,S&B Filters,2/12/2026,2026-02-17 12:15:32,Invoices/invoices_2-17_2/Invoice_I459959_1770924702171.pdf
I459977,0041102,S&B Filters,2/12/2026,2026-02-17 12:15:33,Invoices/invoices_2-17_2/Invoice_I459977_1770928556394.pdf
I459986,0041149,S&B Filters,2/12/2026,2026-02-17 12:15:33,Invoices/invoices_2-17_2/Invoice_I459986_1770929385439.pdf
I460016,0041268,S&B Filters,2/12/2026,2026-02-17 12:15:33,Invoices/invoices_2-17_2/Invoice_I460016_1770934518323.pdf
I460019,0041207,S&B Filters,2/12/2026,2026-02-17 12:15:33,Invoices/invoices_2-17_2/Invoice_I460019_1770934529548.pdf
I460020,0041144,S&B Filters,2/12/2026,2026-02-17 12:15:33,Invoices/invoices_2-17_2/Invoice_I460020_1770934531475.pdf
